,3.0 months,6.0 months,1 year,3 years,5 years,Max
ROI,0.9591139304118644,0.9603593964014153,1.062684831978624,1.0344273681390563,1.1711179253611779,1.39402407965454
MDD,-0.08961628923050675,-0.08961628923050675,-0.09205038691683712,-0.09205038691683712,-0.11799049805765056,-0.11799049805765056
SR,-0.09118754212073026,-0.048456680989885405,0.04416961230579207,0.012665266068826815,0.02698434152043712,0.03661515118657364
