,3.0 months,6.0 months,1 year,3 years,5 years,Max
ROI,0.9330713067158779,0.9353492011108676,1.0354889996805026,1.0078850779926618,1.1320877680223187,1.3703410538376444
MDD,-0.13006961922581625,-0.13006961922581625,-0.13006961922581625,-0.13006961922581625,-0.13006961922581625,-0.13006961922581625
SR,-0.08737890749902524,-0.05186448376101559,0.019754164975591963,0.0037916661917193244,0.017495466271902762,0.028277217201991153
