,3.0 months,6.0 months,1 year,3 years,5 years,Max
ROI,0.9396763386943543,0.9416654242950278,1.0373895087644784,1.0097627396870306,1.1341968158523676,1.3728939608715858
MDD,-0.13006961922581625,-0.13006961922581625,-0.13006961922581625,-0.13006961922581625,-0.13006961922581625,-0.13006961922581625
SR,27.55020652113732,36.59658294009965,23.236473033334978,23.643242745932323,12.759241797203405,8.624197081991152
