,3.0 months,6.0 months,1 year,3 years,5 years,Max
ROI,0.9330713067158783,0.9351939477829138,1.0144803349087292,1.0021137683448167,1.145810133080345,1.3958435733913868
MDD,-0.1288468482634174,-0.1288468482634174,-0.1288468482634174,-0.1288468482634174,-0.1288468482634174,-0.1288468482634174
SR,-0.1035767825939581,-0.06230386361758512,0.011727461018550822,0.0028657707732084457,0.02201395634753763,0.0347748958975417
