,3.0 months,6.0 months,1 year,3 years,5 years,Max
ROI,0.9966413307127494,0.9926624661486372,1.0171392781419846,0.992352450389791,1.0179422080125056,1.1209366692992746
MDD,-0.06095007125668341,-0.06095007125668341,-0.06095007125668341,-0.07138502758932593,-0.09745887325415051,-0.09745887325415051
SR,82.97237585063809,100.01105907395046,61.72318443182906,68.52349379260963,30.270125292803762,17.209883035325095
