,3.0 months,6.0 months,1 year,3 years,5 years,10 years,Max
ROI,0.9629309165920473,0.9594200089392853,0.9938120488279295,0.9688711876229589,1.0316358291509433,1.2517880904334069,1.3717095310302556
MDD,-0.046052684865229274,-0.06012994929275761,-0.06012994929275761,-0.06421891768540172,-0.10308645294671502,-0.10308645294671502,-0.10344004461210096
SR,99.57963207829152,94.82120527207887,55.471089418734934,65.42020991917121,21.401883197389722,12.069903089630875,8.448731392700394
