,3.0 months,6.0 months,1 year,3 years,5 years,Max
ROI,0.9396763386943544,0.9416654242950274,1.037389508764477,1.0097627396870286,1.1341968158523652,1.2834141682163651
MDD,-0.13006961922581609,-0.13006961922581609,-0.13006961922581609,-0.13006961922581609,-0.13006961922581609,-0.13006961922581609
SR,27.550206521137333,36.59658294009974,23.236473033335127,23.643242745932547,12.759241797203435,8.275720795619021
