,3.0 months,6.0 months,1 year,3 years,5 years,Max
ROI,0.9848443283776307,0.9792341420836171,1.0914238152327416,1.006215648304039,1.3221576361704603,1.7514069901495377
MDD,-0.02707519410924308,-0.046770658845990735,-0.06456397313980064,-0.1572967297150009,-0.2558355908905099,-0.2558355908905099
SR,-0.07459339204686911,-0.03147035778339448,0.05728703150331457,0.0033973965832595843,0.029497598695320225,0.03938530039927254
