,3.0 months,6.0 months,1 year,3 years,5 years,10 years,Max
ROI,0.9817049787240048,0.9771414586263879,1.071226094385053,1.0257262547015642,1.1770629806871837,1.5213134940098516,1.4759605985907378
MDD,-0.05200725452944875,-0.06652213019500836,-0.06652213019500836,-0.07697266041514708,-0.07697266041514708,-0.09700006191296318,-0.17129403021217696
SR,78.04371832622522,88.40940194062688,28.63802036961835,36.528894123741836,18.439266971783603,8.058691556901167,6.376732870785448
