,3.0 months,6.0 months,1 year,3 years,5 years,Max
ROI,1.0300225788332709,1.0459579991336903,1.091513510379406,1.079385800475068,1.190668323976033,1.2607917106380706
MDD,-0.02265089349905994,-0.02265089349905994,-0.02265089349905994,-0.05138338723248292,-0.07033411014321812,-0.10736721148286668
SR,112.4609773879165,103.56419797630248,40.323969063260435,34.94300152776808,18.599861777664874,11.933178319723618
