,3.0 months,6.0 months,1 year,3 years,5 years,Max
ROI,0.9678856042309447,0.9311486449029891,0.9997543026821535,0.9483490197269865,1.2036145425574725,1.4561687922178497
MDD,-0.13578138758271477,-0.13578138758271477,-0.15003443607971145,-0.15003443607971145,-0.17101483575321214,-0.17325364470568477
SR,-0.03605332838179166,-0.048764896116089876,0.004444220691819184,-0.006631084022049837,0.021361662203303013,0.02712329076284589
