,3.0 months,6.0 months,1 year,3 years,5 years,Max
ROI,0.9679885954887794,0.9323052895618933,1.0012979811680645,0.9487781431327199,1.1991209746210878,1.4507403300392645
MDD,-0.13588376818749429,-0.13588376818749429,-0.14932176566931424,-0.14932176566931424,-0.17091708785214224,-0.1732519161106687
SR,-0.03583574344123635,-0.048251675220875895,0.00507880183873131,-0.006564186032977441,0.020777494496059465,0.02662048765435805
