,3.0 months,6.0 months,1 year,3 years,5 years,Max
ROI,0.9735000406995084,0.97304046870694,1.0563651163712684,1.0308154658144606,1.291306692478337,1.6413053895760021
MDD,-0.056664818092968604,-0.06686747220453866,-0.08390567596059391,-0.11790304738742087,-0.16947038886165894,-0.16947038886165894
SR,66.18400636104336,75.4805911916729,31.010784506711616,18.526787433446053,9.916978523066584,6.166176909996761
