,3.0 months,6.0 months,1 year,3 years,5 years,Max
ROI,0.9501010034225321,0.9465891872268575,0.9708772096706564,1.0002948118185542,1.1583175806109782,1.110129663170571
MDD,-0.14333629077098414,-0.14333629077098414,-0.14333629077098414,-0.14333629077098414,-0.14333629077098414,-0.1609552174501004
SR,27.746935779408425,37.8163399204357,43.38413231557374,43.88974317441722,13.064563003740282,10.391186326050104
