,3.0 months,6.0 months,1 year,3 years,5 years,Max
ROI,0.8138395921155142,0.8208177800974525,0.8875615252883247,0.9518945472829315,1.1555784345652842,1.4535267289192728
MDD,-0.2575057554560678,-0.2575057554560678,-0.2575057554560678,-0.2575057554560678,-0.2575057554560678,-0.2575057554560678
SR,11.391891638096153,15.852018943842314,19.45055565839661,15.605052854969792,7.966308119545566,5.512885843149258
