,3.0 months,6.0 months,1 year,3 years,5 years,Max
ROI,0.9579251774718164,0.9570224321656854,0.9722427377549889,1.018991080991115,1.1311553228048246,1.0997896766243314
MDD,-0.1354393264936348,-0.1354393264936348,-0.1354393264936348,-0.1354393264936348,-0.1354393264936348,-0.1628990094030826
SR,29.538832377281373,39.853401137382114,48.37161567031805,40.48846175334734,14.662716447718534,11.59139742257258
