,3.0 months,6.0 months,1 year,3 years,5 years,Max
ROI,0.8138395921155142,0.8208177800974525,0.8875615252883247,0.9518945472829315,1.1555784345652842,1.4535267289192728
MDD,-0.2575057554560678,-0.2575057554560678,-0.2575057554560678,-0.2575057554560678,-0.2575057554560678,-0.2575057554560678
SR,-0.1499488460400649,-0.09736285606047275,-0.03653658082841805,-0.005053190757706959,0.01688045382950021,0.02642014574488015
