,3.0 months,6.0 months,1 year,3 years,5 years,Max
ROI,0.8369742583499679,0.8397570694634651,0.9282715837768457,0.9639132314262806,1.195091435988624,1.4310922010166052
MDD,-0.2379299480966822,-0.2379299480966822,-0.2379299480966822,-0.2379299480966822,-0.2379299480966822,-0.2379299480966822
SR,-0.139743796034197,-0.09290850900931696,-0.022698340248469902,-0.0031336385841457784,0.02257956294150479,0.0283680557223633
