,3.0 months,6.0 months,1 year,3 years,5 years,Max
ROI,0.8381098102748746,0.8450281936809066,0.9092566413952314,0.9725978000233644,1.1807117147805009,1.4851402425376525
MDD,-0.2575057554560678,-0.2575057554560678,-0.2575057554560678,-0.2575057554560678,-0.2575057554560678,-0.2575057554560678
SR,11.593784730166522,16.160156639056527,19.67890573995232,15.617004692078721,7.962531393717516,5.51203251413878
