,3.0 months,6.0 months,1 year,3 years,5 years,Max
ROI,0.8568364283090021,0.8595572610683858,0.9467023763276984,0.9823230367962531,1.218608102414661,1.4595673106396965
MDD,-0.23776360541482633,-0.23776360541482633,-0.23776360541482633,-0.23776360541482633,-0.23776360541482633,-0.23776360541482633
SR,13.150671710953459,18.365624638617835,18.76320202712221,14.91211205551074,7.808947903660774,5.790306905717296
