,3.0 months,6.0 months,1 year,3 years,5 years,10 years,Max
ROI,0.9887878160538137,0.9905197851776076,1.0472565428746705,1.0720326497405783,1.2015518180524427,1.5993462192619228,1.3635446308517516
MDD,-0.05823188233814937,-0.068235993016262,-0.068235993016262,-0.09228153655733817,-0.1333408551259521,-0.1333408551259521,-0.3736331722351047
SR,69.19593154512474,84.76390272465464,36.40411411435567,26.12956176055564,12.03226155521084,7.5106203500011475,6.0700602326224455
