,3.0 months,6.0 months,1 year,3 years,5 years,Max
ROI,0.8138395921155142,0.8208177800974525,0.8875615252883247,0.9527169116132297,1.1555784345652842,1.4535267289192728
MDD,-0.2575057554560678,-0.2575057554560678,-0.2575057554560678,-0.2575057554560678,-0.2575057554560678,-0.2575057554560678
SR,-0.17783761352350771,-0.1154215448532283,-0.043171479155305795,-0.005813565560595021,0.019974359315477995,0.03126199137742155
