,3.0 months,6.0 months,1 year,3 years,5 years,Max
ROI,0.8568364283090021,0.8595572610683859,0.9467023763276982,0.9823230367962548,1.2186081024146624,1.4162692798921799
MDD,-0.23776360541482647,-0.23776360541482647,-0.23776360541482647,-0.23776360541482647,-0.23776360541482647,-0.23776360541482647
SR,13.150671710953471,18.365624638617838,18.7632020271222,14.912112055510683,7.808947903660774,5.527562597700116
