,3.0 months,6.0 months,1 year,3 years,5 years,Max
ROI,0.8372070744618965,0.8397326840670338,0.9293038038022521,0.9644020151158516,1.1963764114074842,1.4329396775310528
MDD,-0.23776360541482633,-0.23776360541482633,-0.23776360541482633,-0.23776360541482633,-0.23776360541482633,-0.23776360541482633
SR,12.918590791862867,18.028546805784686,18.642803123806353,14.906765481624635,7.812954894888629,5.791077144041699
