,3.0 months,6.0 months,1 year,3 years,5 years,Max
ROI,0.989237450460937,0.9726949772820973,1.0929074847600526,1.1286308156821392,1.3165257912238493,1.693897749427939
MDD,-0.07140543297488874,-0.07140543297488874,-0.09520105762180384,-0.09520105762180384,-0.1370754878308157,-0.1370754878308157
SR,-0.024436714877406573,-0.03428681332663582,0.06363241852224655,0.03834239840875692,0.04221230101840609,0.0554352676891979
