,3.0 months,6.0 months,1 year,3 years,5 years,Max
ROI,0.9543152113416103,0.9877805890872096,0.9965949255591927,1.0246494030552147,1.2442969706551554,1.6669501134985243
MDD,-0.062707115677889,-0.062707115677889,-0.08866551369360046,-0.08866551369360046,-0.08866551369360046,-0.08866551369360046
SR,-0.16410958074334378,-0.021965193706506753,-0.000527099863195211,0.009554645405342128,0.03810453490405595,0.05789371427788895
