,3.0 months,6.0 months,1 year,3 years,5 years,Max
ROI,0.9543152113416101,0.9877805890872096,0.9965949255591925,1.0246494030552147,1.2442969706551543,1.6590262189130658
MDD,-0.06270711567788917,-0.06270711567788917,-0.08866551369360032,-0.08866551369360032,-0.08866551369360032,-0.08866551369360032
SR,-0.16410958074334467,-0.021965193706506386,-0.0005270998631944774,0.009554645405341938,0.03810453490405552,0.05792981792699461
