,3.0 months,6.0 months,1 year,3 years,5 years,Max
ROI,0.9664131515799391,0.9526096841755703,0.9939245595278422,1.015975701745619,1.2310079320630727,1.6446042334807658
MDD,-0.06247496585774277,-0.07170634825575946,-0.08843473638600569,-0.08843473638600569,-0.08843473638600569,-0.08843473638600569
SR,-0.11331328401480394,-0.08420485354313724,-0.0027517580352718826,0.006957109800658004,0.03637466971559591,0.05673565687688508
