,3.0 months,6.0 months,1 year,3 years,5 years,Max
ROI,0.9225195593095821,0.9466611129362021,0.9736882894721213,1.0339942333308905,1.2700272151117757,1.7766747530911549
MDD,-0.1281259160969422,-0.1281259160969422,-0.1632561648467501,-0.1632561648467501,-0.1632561648467501,-0.1632561648467501
SR,-0.11867864688178592,-0.04797226411818426,-0.009441895926361101,0.009661298577794485,0.02881024864904391,0.04374716997619916
