,3.0 months,6.0 months,1 year,3 years,5 years,Max
ROI,0.9451134622716487,0.9138383508385002,0.9561205676322249,0.9946764420737269,1.2228263633255283,1.7893890479891645
MDD,-0.12854102820257876,-0.12936282208225597,-0.1626565595816099,-0.1626565595816099,-0.1626565595816099,-0.1626565595816099
SR,-0.07754675098305264,-0.07973730139999546,-0.018406585160214928,0.0024373231994136795,0.0248204993892571,0.04447359167070066
