,3.0 months,6.0 months,1 year,3 years,5 years,Max
ROI,0.9225195593095816,0.9466611129362017,0.9736882894721209,1.0339942333308902,1.270027215111776,1.8711218071778728
MDD,-0.128125916096942,-0.128125916096942,-0.1632561648467497,-0.1632561648467497,-0.1632561648467497,-0.1632561648467497
SR,-0.11867864688178642,-0.04797226411818444,-0.00944189592636144,0.009661298577794426,0.028810248649044405,0.048027520169625415
