,3.0 months,6.0 months,1 year,3 years,5 years,Max
ROI,0.9451134622716489,0.9138383508385001,0.9561205676322246,0.9943970968304575,1.2224829443869765,1.78888651540895
MDD,-0.12854102820257907,-0.12936282208225636,-0.16265655958161027,-0.16265655958161027,-0.16265655958161027,-0.16265655958161027
SR,-0.07754675098305278,-0.07973730139999582,-0.0184065851602154,0.0023850144979406084,0.024790759239547377,0.04445347330631139
