,3.0 months,6.0 months,1 year,3 years,5 years,Max
ROI,0.8634186753547497,0.8569238749046153,0.9386555967458493,1.1084255796306608,1.427256135022359,1.899295408810944
MDD,-0.22147904660905407,-0.22147904660905407,-0.2221729535008094,-0.2221729535008094,-0.2221729535008094,-0.2221729535008094
SR,-0.12808825544588293,-0.09123150689594403,-0.02074970606881839,0.022420267693799324,0.04312160065882767,0.052510716486730266
