,3.0 months,6.0 months,1 year,3 years,5 years,Max
ROI,0.8457802993007809,0.8441839960805049,0.9023130592781452,1.074268067820112,1.3670419638330509,1.9397293644924156
MDD,-0.23266463904793266,-0.23266463904793266,-0.23266463904793266,-0.23266463904793266,-0.23266463904793266,-0.23266463904793266
SR,-0.14642420862505806,-0.10028068564911327,-0.03634756979500141,0.016448686324310794,0.03818963796135924,0.05442506670931951
