,3.0 months,6.0 months,1 year,3 years,5 years,Max
ROI,0.871456946959302,0.9262320953113812,0.9546868963336604,1.1347726249244758,1.4421334097970797,2.05981493878294
MDD,-0.23202949395039876,-0.23202949395039876,-0.23240179661184948,-0.23240179661184948,-0.23240179661184948,-0.23240179661184948
SR,-0.1083357800768709,-0.0381667342723002,-0.012287434831482981,0.02554433787249456,0.04324806395394171,0.0578395823423244
