,3.0 months,6.0 months,1 year,3 years,5 years,Max
ROI,0.8648440096148582,0.9122139335706309,0.9347409700355299,1.0773812100637261,1.3676156558529273,1.9290723171498063
MDD,-0.22650868829005508,-0.22650868829005508,-0.23187448679709657,-0.23187448679709657,-0.23187448679709657,-0.23187448679709657
SR,-0.12661556480942449,-0.052345578397278186,-0.022992326313721254,0.017410810522575797,0.03940452652156265,0.05535891623848219
