,3.0 months,6.0 months,1 year,3 years,5 years,Max
ROI,0.8750011969975339,0.8609768585385352,0.9672838036135342,1.0715968185792297,1.3864971518092297,1.7570576415373094
MDD,-0.21764059146413925,-0.21764059146413925,-0.22738636171544976,-0.22738636171544976,-0.22738636171544976,-0.22738636171544976
SR,-0.10893432275082393,-0.08301354659429824,-0.007870211722346959,0.016202213453238235,0.03823879960405465,0.044305271619965274
