,3.0 months,6.0 months,1 year,3 years,5 years,Max
ROI,0.8435014005966508,0.839331821644163,0.8907260972439683,1.0273446477214407,1.293371592346767,1.81547680154184
MDD,-0.22734770731792958,-0.22734770731792958,-0.23212846326990189,-0.23212846326990189,-0.23212846326990189,-0.23212846326990189
SR,-0.16271711650407586,-0.11357040579779237,-0.04612623027308755,0.008548914659837795,0.03361941895749909,0.05152980251893165
