,3.0 months,6.0 months,1 year,3 years,5 years,Max
ROI,0.8444673170917787,0.840526174108026,0.8908459518515442,1.0292667904701465,1.3104209048453026,1.8362543627099925
MDD,-0.22674516069563863,-0.22674516069563863,-0.23174539698222882,-0.23174539698222882,-0.23174539698222882,-0.23174539698222882
SR,-0.1628850251881036,-0.11334840541898754,-0.04620480291138381,0.008919443054127188,0.03511392397108656,0.05244952869830987
