,3.0 months,6.0 months,1 year,3 years,5 years,Max
ROI,0.9591139304118642,0.9603593964014147,1.062684831978623,1.0344273681390557,1.1711179253611774,1.3797517963007087
MDD,-0.08961628923050688,-0.08961628923050688,-0.09205038691683774,-0.09205038691683774,-0.11799049805765055,-0.11799049805765055
SR,-0.09118754212073184,-0.048456680989886036,0.04416961230579151,0.01266526606882664,0.02698434152043698,0.036428519785597246
