,3.0 months,6.0 months,1 year,3 years,5 years,Max
ROI,0.930821591556157,0.9641221984636238,0.9669204219020796,0.9353515242163228,1.095793165616769,1.3368839668424009
MDD,-0.08621200595234559,-0.08621200595234559,-0.09196384128561477,-0.11737381056730922,-0.11737381056730922,-0.11737381056730922
SR,-0.19711534723161436,-0.05826623133066996,-0.024985126463200488,-0.01947390945598081,0.018386104532591124,0.03535206980888454
