,3.0 months,6.0 months,1 year,3 years,5 years,Max
ROI,0.9404131549769956,0.9453338241905695,0.9684926446426859,0.9395368816001082,1.109517902938725,1.3600557072805182
MDD,-0.08228964408395541,-0.08228964408395541,-0.08775333226766537,-0.10436737686784195,-0.10436737686784195,-0.10436737686784195
SR,-0.1644258495762189,-0.0876209002748587,-0.023543906280207815,-0.017869406956901795,0.020553168143238137,0.037381791627203294
