,3.0 months,6.0 months,1 year,3 years,5 years,Max
ROI,0.9376321236062014,0.9422350289054727,0.9659276681543525,0.9274261874884757,1.097216652703117,1.3351529984662693
MDD,-0.08621200595234559,-0.08621200595234559,-0.09196384128561477,-0.11737381056730922,-0.11737381056730922,-0.11737381056730922
SR,-0.17351808966973262,-0.09319332481434954,-0.025706523512097106,-0.022035901229103323,0.01858791457415414,0.03530836081289404
