,3.0 months,6.0 months,1 year,3 years,5 years,Max
ROI,0.9679885954887788,0.932305289561893,1.001297981168064,0.9487781431327202,1.1991209746210885,1.455719775148574
MDD,-0.13588376818749462,-0.13588376818749462,-0.14932176566931454,-0.14932176566931454,-0.17091708785214235,-0.17325191611066837
SR,-0.03583574344123792,-0.04825167522087716,0.005078801838730609,-0.0065641860329775864,0.02077749449605944,0.027297340017054833
