,3.0 months,6.0 months,1 year,3 years,5 years,Max
ROI,0.9327337341417321,0.9742594795876189,0.980776455808696,0.9139778927577831,1.056040217566451,1.5046085142838324
MDD,-0.12832199988022264,-0.12832199988022264,-0.12832199988022264,-0.20794267879525752,-0.20794267879525752,-0.20794267879525752
SR,-0.10390192561726294,-0.02218030413843129,-0.007322093876673938,-0.015211285159818146,0.00958128237224045,0.03338934248695821
