,3.0 months,6.0 months,1 year,3 years,5 years,Max
ROI,0.9442434795031148,0.94394275377628,0.9732123925117772,0.889193270523904,1.0501898116053716,1.5001875284249935
MDD,-0.12832199988022264,-0.12832199988022264,-0.12832199988022264,-0.20794267879525752,-0.20794267879525752,-0.20794267879525752
SR,-0.08413374023523205,-0.05209135379473957,-0.011556128241579798,-0.020581019851150264,0.008941654872655351,0.03327426009190826
