,3.0 months,6.0 months,1 year,3 years,5 years,Max
ROI,0.8358523410818128,0.8826739810950546,0.8995308964052683,0.9816481238402698,1.1736506713460302,1.5322977785417353
MDD,-0.2669242075994594,-0.2669242075994594,-0.2669242075994594,-0.2669242075994594,-0.2669242075994594,-0.2669242075994594
SR,-0.14407736304125165,-0.06651196755932838,-0.035838673696348564,0.00011872399578861111,0.021456735630652125,0.03645463719143807
