,3.0 months,6.0 months,1 year,3 years,5 years,Max
ROI,0.7977904187990532,0.8092905659108246,0.849515029281839,0.9241804147299995,1.110097256550392,1.426948497134533
MDD,-0.2714007466459032,-0.2714007466459032,-0.2714007466459032,-0.2714007466459032,-0.2714007466459032,-0.2714007466459032
SR,-0.19433052388344513,-0.12330385914946462,-0.06001426569464822,-0.011018936902107476,0.01523780754749451,0.030756146021911915
