,3.0 months,6.0 months,1 year,3 years,5 years,Max
ROI,0.8316857150268447,0.8792496148090476,0.9027892284849677,0.9895234906851397,1.1723021430556264,1.5173188357115936
MDD,-0.2714007466459032,-0.2714007466459032,-0.2714007466459032,-0.2714007466459032,-0.2714007466459032,-0.2714007466459032
SR,-0.14159790452466792,-0.06548461219769722,-0.03265848808005902,0.001789517193948112,0.021000565461696943,0.03476937136941105
