,3.0 months,6.0 months,1 year,3 years,5 years,Max
ROI,0.8049979793223826,0.8172411947090354,0.8525049685868751,0.9224501733802387,1.1094637326014583,1.4241687825419516
MDD,-0.26839811862749396,-0.26839811862749396,-0.26839811862749396,-0.26839811862749396,-0.26839811862749396,-0.26839811862749396
SR,-0.19136421359193748,-0.120708664274142,-0.06063373258966248,-0.011882108859541027,0.015349320694297858,0.031023104765128522
