,3.0 months,6.0 months,1 year,3 years,5 years,Max
ROI,0.8071568854274174,0.8190455549533091,0.8534748244934882,0.9241514450764966,1.1215793923078332,1.4351468474454363
MDD,-0.2669242075994595,-0.2669242075994595,-0.2669242075994595,-0.2669242075994595,-0.2669242075994595,-0.2669242075994595
SR,-0.19107583965853675,-0.12060763474541711,-0.06065971747754893,-0.011663597768595765,0.01659963510924459,0.03165429799403402
