,3.0 months,6.0 months,1 year,3 years,5 years,Max
ROI,0.8369742583499684,0.8397570694634655,0.9282715837768464,0.963913231426281,1.1950914359886249,1.381863158338831
MDD,-0.23792994809668203,-0.23792994809668203,-0.23792994809668203,-0.23792994809668203,-0.23792994809668203,-0.23792994809668203
SR,-0.13974379603419596,-0.09290850900931666,-0.02269834024846965,-0.003133638584145431,0.02257956294150495,0.02652989944898483
