,3.0 months,6.0 months,1 year,3 years,5 years,Max
ROI,0.8311970636938666,0.8793532970229482,0.9022776192462413,0.9898035967368591,1.1733083277178344,1.5380386279649798
MDD,-0.2717768770257469,-0.2717768770257469,-0.2717768770257469,-0.2717768770257469,-0.2717768770257469,-0.2717768770257469
SR,-0.1413620723374491,-0.06506687332290854,-0.032661280528967565,0.001868362881332349,0.021018717221153577,0.03597905433493955
